{
    "Reactive": {
        "0": {
            "dirt": 0.24853910646444438,
            "won": 0.7666666666666667,
            "fired": 0.2,
            "timeout": 0.03333333333333333
        },
        "1": {
            "dirt": 0.2926057233123443,
            "won": 0.5333333333333333,
            "fired": 0.4666666666666667,
            "timeout": 0.0
        },
        "2": {
            "dirt": 0.16319479670091877,
            "won": 0.9666666666666667,
            "fired": 0.03333333333333333,
            "timeout": 0.0
        },
        "3": {
            "dirt": 0.2903591696942581,
            "won": 0.4666666666666667,
            "fired": 0.5,
            "timeout": 0.03333333333333333
        },
        "4": {
            "dirt": 0.1825035107012944,
            "won": 0.9666666666666667,
            "fired": 0.03333333333333333,
            "timeout": 0.0
        },
        "5": {
            "dirt": 0.17512951874964894,
            "won": 0.9,
            "fired": 0.06666666666666667,
            "timeout": 0.03333333333333333
        },
        "6": {
            "dirt": 0.13682913446025344,
            "won": 1.0,
            "fired": 0.0,
            "timeout": 0.0
        },
        "7": {
            "dirt": 0.1765514450690698,
            "won": 0.0,
            "fired": 1.0,
            "timeout": 0.0
        },
        "8": {
            "dirt": 0.14639850877609759,
            "won": 0.6666666666666666,
            "fired": 0.3333333333333333,
            "timeout": 0.0
        },
        "9": {
            "dirt": 0.2020072129472326,
            "won": 0.9666666666666667,
            "fired": 0.03333333333333333,
            "timeout": 0.0
        }
    },
    "Proactive": {
        "0": {
            "dirt": 0.2595813094776507,
            "won": 0.7666666666666667,
            "fired": 0.23333333333333334,
            "timeout": 0.0
        },
        "1": {
            "dirt": 0.3395023976433945,
            "won": 0.1,
            "fired": 0.9,
            "timeout": 0.0
        },
        "2": {
            "dirt": 0.16331916796737322,
            "won": 1.0,
            "fired": 0.0,
            "timeout": 0.0
        },
        "3": {
            "dirt": 0.28753152667275905,
            "won": 0.26666666666666666,
            "fired": 0.6666666666666666,
            "timeout": 0.06666666666666667
        },
        "4": {
            "dirt": 0.2059548767188192,
            "won": 1.0,
            "fired": 0.0,
            "timeout": 0.0
        },
        "5": {
            "dirt": 0.18689233360327587,
            "won": 0.8,
            "fired": 0.2,
            "timeout": 0.0
        },
        "6": {
            "dirt": 0.14260779211440922,
            "won": 0.9,
            "fired": 0.1,
            "timeout": 0.0
        },
        "7": {
            "dirt": 0.16010884117896798,
            "won": 0.1,
            "fired": 0.9,
            "timeout": 0.0
        },
        "8": {
            "dirt": 0.15592009016155403,
            "won": 0.6666666666666666,
            "fired": 0.3333333333333333,
            "timeout": 0.0
        },
        "9": {
            "dirt": 0.1969692563742082,
            "won": 0.9333333333333333,
            "fired": 0.06666666666666667,
            "timeout": 0.0
        }
    }
}